<?xml version="1.0" encoding="UTF-8" ?>
<!DOCTYPE mapper
        PUBLIC "-//mybatis.org//DTD Mapper 3.0//EN"
        "http://mybatis.org/dtd/mybatis-3-mapper.dtd">

<mapper namespace="cdu.gu.dao.DepartmentDao">

    <resultMap id="departmentWithEmp" type="cdu.gu.entity.Department">
        <id property="id" column="id"/>
        <result property="number" column="number"/>
        <result property="name" column="name"/>
        <collection property="employeeList" ofType="cdu.gu.entity.Employee">
            <id property="id" column="id"/>
            <result property="number" column="number"/>
            <result property="name" column="name"/>
            <result property="gender" column="gender"/>
            <result property="age" column="age"/>
        </collection>
    </resultMap>

    <select id="findById" resultMap="departmentWithEmp">
        <!-- <select id="findById" resultType="cdu.nls.entity.Department">-->
        select *from table_department where id = #{id}
    </select>

    <select id="findAll" resultMap="departmentWithEmp">
        select *from table_department
    </select>

    <select id="find" resultMap="departmentWithEmp">
        select *from table_department where 1=1
        <if test="name!=null and name!=''">
            and name LIKE concat('%',#{name},'%')
        </if>
        <if test="number!=null and number!=0">
            and number=#{number}
        </if>
    </select>

    <insert id="add">
        INSERT INTO table_department(number, name) VALUES (#{number}, #{name})
    </insert>

    <update id="mod">
        UPDATE table_department SET number=#{number},name=#{name} WHERE id = #{id}
    </update>

    <delete id="del">
        DELETE FROM table_department WHERE id = #{id}
    </delete>

</mapper>