<?xml version="1.0" encoding="UTF-8" ?>
<!DOCTYPE mapper
        PUBLIC "-//mybatis.org//DTD Mapper 3.0//EN"
        "http://mybatis.org/dtd/mybatis-3-mapper.dtd">

<mapper namespace="cdu.gu.dao.EmployeeDao">

    <resultMap id="employeeWithDep" type="cdu.gu.entity.Employee">
        <id property="id" column="id"/>
        <result property="number" column="number"/>
        <result property="name" column="name"/>
        <result property="gender" column="gender"/>
        <result property="age" column="age"/>
        <association property="dep" javaType="cdu.gu.entity.Department">
            <id property="id" column="dep_id"/>
            <result property="number" column="depNumber"/>
            <result property="name" column="depName"/>
        </association>

    </resultMap>


    <select id="findById" resultMap="employeeWithDep">
        select e.*, d.number as depNumber, d.name as depName
        from table_employee as e
                 left join table_department as d
                           on e.dep_id = d.id
        where e.id = #{id}
    </select>

    <select id="find" resultMap="employeeWithDep">
        select e.*,d.number as depNumber,d.name as depName
        from table_employee as e
        left join table_department as d
        on e.dep_id=d.id
        where 1=1
        <if test="name!=null and name!=''">
            and e.name like concat('%',#{name},'%')
        </if>

        <if test="gender!=null and gender!=''">
            and e.gender=#{gender}
        </if>

        <if test="age!=null">
            and e.age=#{age}
        </if>

        <if test="number!=null">
            and e.number=#{number}
        </if>

        <if test="dep!=null and dep.id!=null">
            and e.dep_id=#{dep.id}
        </if>
    </select>

    <insert id="add">
        INSERT INTO table_employee(number, name, gender, age, dep_id) VALUES (#{number}, #{name}, #{gender}, #{number}, #{dep.id})
    </insert>

    <update id="mod">
        UPDATE table_employee SET number=#{number}, name=#{name},gender=#{gender}, age=#{age},dep_id=#{dep.id} WHERE id = #{id}
    </update>

    <delete id="del">
        DELETE FROM table_employee WHERE id = #{id}
    </delete>

    <update id="modByDep">
        UPDATE table_employee SET dep_id=null WHERE dep_id = #{depId}
    </update>

</mapper>